coefs,odds_ratio
14.063179561453843,1281035.8436179992
8.542457010689775,5127.928270495446
8.385189541916557,4381.688984395137
8.242990886811567,3800.8913606952133
7.9906781522495995,2953.299066946339
6.830194660357332,925.3709279833214
6.435243988002875,623.4346748897638
6.0832091764885945,438.4339513853346
5.893536029711496,362.6854862777878
5.765321864518217,319.04171572029634
5.730364311206427,308.08148547284736
5.4186385474525425,225.5718080397828
5.328464712529419,206.12127569493146
5.328455087440692,206.11929176891212
5.217344838849573,184.4438053151559
5.000497063368377,148.48694818475727
4.926467612235172,137.89156456142408
4.903791910954054,134.79996124174986
4.721889295223052,112.38037192660828
4.719159493993576,112.07401418726421
4.653472450117075,104.94878299115926
4.611105275652884,100.59527372054278
4.598369339079145,99.32222265144893
4.593040035994487,98.79431237029412
4.592667158333695,98.75748104541385
4.300106472740803,73.70764113638927
4.228053952254966,68.58363519434201
4.193695754016607,66.26724640063388
4.184047863590158,65.63098151084937
4.176241663704696,65.12064742693632
4.151713559563673,63.5427914194092
4.132023394116517,62.3038607461505
4.078675844480672,59.06720387913173
4.002628017367289,54.741823625311056
3.962348384004341,52.58066065621349
3.885258815349566,48.67953984134295
3.852748102769134,47.12238260885976
3.821863543592585,45.68927298729936
3.8168100376396294,45.45896439732043
3.8132825944980047,45.298892972535256
3.6700417832388355,39.25354596632604
3.643634748450806,38.230542898239946
3.6406863011670185,38.117988170254634
3.626650028404787,37.58669112909157
3.566169118376647,35.380793569740085
3.5442711862628635,34.614448661270295
3.537897228660951,34.39451928793518
3.527871114472774,34.051398866654296
3.4800582804874987,32.46161389941811
3.4547241219684084,31.649556060534255
3.4129621405429256,30.35502707547391
3.3868002393419343,29.57118002851575
3.249636844293912,25.780975708526
3.242378729755754,25.5945318677948
3.238194872546488,25.487671700841087
3.2373354069342293,25.465775334412534
3.235625375575186,25.422265272396277
3.200512422396195,24.545104436403456
3.1813197186482975,24.078509450975172
3.1773550531507677,23.983235205378
3.1255514377784532,22.77244922060678
3.1215724712232666,22.682018436620453
3.101038563573037,22.221017240697847
3.086145365163313,21.892527425826206
3.0782900360049172,21.72122810391779
3.036347388473418,20.82902378744335
2.996590801836608,20.017177938470237
2.99540024963313,19.99336062385962
2.993634200796998,19.958082533184125
2.9885508343047813,19.856885713363123
2.9880066992886536,19.84608382564443
2.9734007537736815,19.55831965628762
2.9701508647241783,19.494860460935488
2.967217758459796,19.437763739903446
2.962358736924263,19.343544319761765
2.9207991860181064,18.556111320164383
2.893804620186729,18.061897703590084
2.8714445266875304,17.662513753385827
2.865673507451292,17.5608766038098
2.8319603086047023,16.978711737583406
2.8104336600087803,16.617122838132033
2.7906345341460113,16.29135394312058
2.7654900316516042,15.886823129642792
2.7297215314605543,15.32861788769037
2.7080437656472673,14.99990346848647
2.6972321273928537,14.838603468174787
2.6920039428437876,14.76122695638462
2.66341288650739,14.34516406576563
2.6629752012959225,14.338886773437192
2.645874676091788,14.095768924727729
2.6385917778497827,13.993483792217049
2.6217732431131884,13.760101970343785
2.617509680841118,13.701559806485173
2.6094464264350545,13.591524860058241
2.6085343812077766,13.579134425855276
2.590798586666238,13.340420832662462
2.5861727189497365,13.278852324285948
2.5761889786469494,13.146939299553473
2.573363336522341,13.109843188907496
2.5648602851761093,12.99884211185808
2.5470596229950524,12.769501378914123
2.5359359480721815,12.628244699880451
2.534811765504926,12.61405622404667
2.534541845652022,12.610651899314238
2.5319575707686703,12.578104582069258
2.5312761452992403,12.569536460849438
2.5296257350376066,12.548808678267964
2.5288452133732116,12.539017882693313
2.5162135815596494,12.381625777815211
2.4978055031312203,12.155788828734275
2.4868616460643214,12.023482902329834
2.4798849593160823,11.939890765638092
2.4684489039535533,11.804123315531374
2.4575894580204123,11.676630579740365
2.4573080538984455,11.673345190047323
2.4519032476555545,11.610423214803662
2.4435286540196337,11.513596645923144
2.4345373239490202,11.410538109144694
2.431697902525476,11.378184736949406
2.411398449535381,11.149542320059746
2.3946789877565804,10.964677698284891
2.3888872120058426,10.901356292576207
2.3718343095520047,10.717032620680854
2.3561563617373578,10.550321799058931
2.3450700617831868,10.434003726847939
2.3068866323386827,10.043108042446844
2.3018748884529545,9.99290047594461
2.2980628960745713,9.954880128170704
2.293106624206813,9.905663103072799
2.292218860926149,9.89687312138805
2.28609422006475,9.836443571412975
2.2685822549205583,9.665687614404384
2.2617015950901505,9.599409585673481
2.2570177372240576,9.554552449808364
2.250047534988196,9.488186846488809
2.2424318966767833,9.416202697765995
2.241644851475464,9.408794636240108
2.223527032089204,9.239862754084346
2.2213033958338184,9.21933948686665
2.1920435638674207,8.953491463493128
2.1541799100538146,8.620817433516304
2.1524007097223232,8.605492909022944
2.135265828736533,8.459294931684001
2.1342460668620156,8.45067286220342
2.131572188693116,8.428106975185793
2.1175210076455,8.310510239510252
2.116187041792618,8.299431693474595
2.114221853319475,8.283137761544435
2.088359978370847,8.07166659550495
2.079231348090182,7.998318627995768
2.0670804688607833,7.901720091396908
2.050908584635258,7.774962109173771
2.048983523376276,7.760009228051199
2.02445089518489,7.571952007588017
2.023885939424518,7.567675397845473
2.020292007357526,7.5405265014273235
2.0146072387456746,7.497781964568997
2.0142976900046836,7.495461394784897
1.9982698524261795,7.376282994312507
1.993203268216242,7.339004951282358
1.9458097233303084,6.999297055222426
1.923272435357654,6.843316177083418
1.907568200232054,6.73668659028428
1.894521478067537,6.649365775854051
1.8942103252777267,6.6472971289917355
1.887865456224537,6.605254417942725
1.873572206402695,6.511515380031882
1.8515043910481024,6.369394378517132
1.8485283294029633,6.350466846924871
1.8309161606277458,6.239600517045531
1.8261936935329686,6.2102036763589075
1.823924756816854,6.196129090433535
1.818376220204034,6.161844842975569
1.8066666088518826,6.090112831267385
1.7970259582301324,6.031682287995061
1.7963748488026754,6.027756281062684
1.7950660970934158,6.019872604739559
1.7948476075409447,6.018557469145142
1.7770016563206823,5.912103299355764
1.7615193911923612,5.8212754731350245
1.7513155888877658,5.762178349483065
1.7431736037398966,5.715453254580974
1.7410588695259714,5.703379361072908
1.728463045444688,5.63199113855592
1.7283209577615946,5.6311909588330264
1.7099677990497417,5.5287834426769455
1.7076022972136295,5.515720551529548
1.7012703118997214,5.4809054307415614
1.6976631477793152,5.46117052025358
1.6937556030014418,5.439872390703459
1.6934546732654636,5.438235617630366
1.681407494051733,5.373113276419086
1.6787983108340208,5.359112113174605
1.6669991893320404,5.296250881155238
1.6656035346450637,5.288864299547168
1.6647751290829074,5.2844847891997535
1.6634721541492228,5.277603721884627
1.6623676741270657,5.271777931835533
1.6619200803626755,5.269418844901679
1.6577918810938095,5.247710472950965
1.6546400061453732,5.231196384616628
1.653292180391083,5.224150392854939
1.651640620248436,5.215529515195436
1.6504168216199393,5.2091506613402805
1.649525726219506,5.204510878697301
1.6474113905549748,5.193518420698095
1.6370766536837944,5.140121172902217
1.633638855498581,5.122480813034288
1.62227883226545,5.064618592331944
1.604186716865251,4.9738128392829175
1.603908897542836,4.972431209900645
1.5956565783976493,4.9315659690464
1.5936215893748056,4.921540490762865
1.5913743327753291,4.910492944400468
1.5870051215807959,4.889084766140016
1.5831917157373085,4.8704762052714585
1.5811474652400617,4.860529901698782
1.5792607911001963,4.851368310813093
1.5762504534310362,4.836786013871201
1.573642603152361,4.824188833037137
1.5687039188032381,4.800422422855607
1.5678993885762043,4.796561891079375
1.5655422794012273,4.7852691853362135
1.560750160819407,4.762392465709921
1.5555962198094797,4.737910519322299
1.555594511455809,4.737902425302385
1.5436933136807087,4.681849919078799
1.5377615323364555,4.654160414306399
1.5305589006683502,4.620758645836567
1.4939637319813823,4.454717878499428
1.4932960127125334,4.451744370379481
1.492024980715735,4.446089655266358
1.4753572754448137,4.372597715685109
1.4724617436338938,4.359955032381958
1.4610588542987475,4.310521326815774
1.4550425649678849,4.2846658383845515
1.4457198612263447,4.244906787033993
1.4412605665825908,4.226019639910393
1.4361758745903084,4.204586169165203
1.4319663373666545,4.1869240080198535
1.4271009208007353,4.166602355332109
1.4216210271543286,4.143832263379804
1.4149053548764856,4.116096879039785
1.4064461269200959,4.0814247337966645
1.4034998924989668,4.069417596364964
1.4018799318813573,4.062830636870229
1.3878289817826126,4.006143195182386
1.387317313673859,4.004093903793545
1.386197643773258,3.9996131493213563
1.3784440574416301,3.9687217179261225
1.3755632295677322,3.9573049665210105
1.3675214654003527,3.9256088703224603
1.341601965956229,3.8251663860610776
1.3393725403372625,3.8166479612487256
1.3389797204083174,3.8151490002979216
1.3248483012018195,3.761614679289529
1.324132199321771,3.7589219441970725
1.3206205454503117,3.745745061266324
1.319263915619182,3.740666917136147
1.3147639984129178,3.723872041827312
1.3133603690386362,3.7186487722681916
1.3062555146287689,3.6923219490087473
1.3061800500564267,3.6920433200253564
1.267145017737991,3.5507008897704044
1.258378671251888,3.519710251305408
1.257322254490407,3.5159939337360804
1.2551810142983484,3.5084734007173264
1.2475721859598483,3.4818793320363386
1.2389784072948196,3.4520850378696086
1.234628906412051,3.437102797204195
1.2060018850011296,3.340103802174793
1.1977079353924969,3.3125157148027937
1.1930725902789092,3.297196593407172
1.192846340803432,3.2964506887908143
1.1907431912474222,3.289525045373029
1.1870077256524485,3.2772600597200263
1.1797426492878602,3.2535367951293512
1.1768159436116992,3.2440285711968984
1.1763876618086653,3.242639510267325
1.1756033114485602,3.240097141983835
1.1711457927254902,3.2256864900452875
1.1683130132976134,3.216561761988356
1.1645687097617412,3.2045404980847105
1.157599712141909,3.182285699869324
1.140833423187252,3.1293753726622064
1.137804928712835,3.1199124131307285
1.1334677911949234,3.1064102255388604
1.1261773236733257,3.083845396701717
1.1261096260260384,3.083636634690191
1.1195986707406917,3.0636244344133297
1.1175234506945884,3.0572733318202827
1.1151621360275303,3.050062664138769
1.1067564989236587,3.0245323936537454
1.0964371616044195,2.9934817104328846
1.0952357845472176,2.989887569576287
1.0931276863980794,2.983591232105201
1.089126953297849,2.9716785255744527
1.0856109441614519,2.961248423639965
1.0814171995091841,2.9488557080048126
1.079340490438777,2.9427381470044964
1.074580081107815,2.928762799450217
1.065312968469689,2.9017469972796315
1.0604954435951308,2.8878013775968716
1.0581022971401497,2.8808987088104385
1.0564245491912445,2.876069339275968
1.056246459054637,2.875557185300583
1.0414497659980964,2.833321691672067
1.0354566499401379,2.816392047278607
1.027027982019714,2.7927533751825466
1.0228969524413496,2.7812402253389057
1.0182198267096705,2.7682623882609145
1.015653648631277,2.7611676410906503
1.01401292808485,2.756641051059869
1.0134453288383023,2.7550768276442965
1.0129254245650778,2.75364482371328
1.0105235272632582,2.7470387883262313
1.009361780043519,2.743849276713231
1.004865909878731,2.731540975607386
1.0016551050984626,2.7227845958210986
0.9909722769183257,2.6938523699630124
0.9887498980922425,2.68787225699493
0.9813281114269924,2.667997287642184
0.9797320534525057,2.6637424057176875
0.9792584088534748,2.6624810372577703
0.9680066290824947,2.6326912950787933
0.9628104653474225,2.61904688005299
0.960853109459357,2.6139254870506807
0.9594988536955122,2.6103879592929142
0.9564995816816244,2.602570425057347
0.9470706275092424,2.5781462360214453
0.9412936983964701,2.5632954053728136
0.9384950600178464,2.5561316974652666
0.9322194155912906,2.5401405536732495
0.9281905240699717,2.529927191013951
0.9250314436901319,2.521947558448986
0.9217424995513067,2.5136666390135844
0.9166378785333226,2.5008680173038553
0.9141682981085618,2.4946995425107494
0.9126279002937697,2.4908596710110156
0.912410118156321,2.4903172653330556
0.9121092140679792,2.489568031416076
0.9109549990447392,2.486696192271605
0.9034465341043352,2.468094842277317
0.8916750041564223,2.4392119215325763
0.8846694243829623,2.422183544302831
0.8814018638462596,2.4142818296368413
0.872960420345175,2.3939875828554906
0.8707119191430923,2.388610746074983
0.8687898760045926,2.384024142416993
0.8662426169051415,2.377959143068709
0.8651768132780803,2.375426055715653
0.863915319395766,2.372431359571049
0.863121606397477,2.3705490770582744
0.845833439087743,2.329918851031768
0.8405718243492888,2.31769191059891
0.8398178073201505,2.315944990116685
0.8365891037801167,2.308479548662504
0.8332075726233975,2.300686536726315
0.828490365607667,2.289859279338902
0.8282611030395242,2.2893343604942555
0.8260202512594867,2.28421004507738
0.8235654116749035,2.278609552806772
0.8213623735846092,2.273595214586118
0.8150546221109617,2.25929907666423
0.805449146849594,2.237701329647338
0.8037047828928373,2.2338013665683305
0.799800389990814,2.2250967325817372
0.7986476771130164,2.2225333126511724
0.7941902967369254,2.2126486824224005
0.7938583368119387,2.2119142936323297
0.7924802470561255,2.20886817659696
0.7907297143404689,2.205004863004222
0.7891838200972597,2.201598792071295
0.7881139133963212,2.199244546407061
0.7873336805056768,2.197529292713073
0.787110311083957,2.1970384866833177
0.7853909355460125,2.1932641980929417
0.776486135962668,2.1738203203767843
0.7711978006979798,2.1623547732669084
0.7677861338131071,2.154990109127387
0.7613002443610244,2.141058310401229
0.7477962189843487,2.1123397491565115
0.746894333941264,2.110435520357645
0.7448759306141286,2.1061801062972947
0.7428440398935585,2.101904923306653
0.7324494419420421,2.0801696272322423
0.7309182481180793,2.0769869216376398
0.7201611817097888,2.0547643743894786
0.7113353102539733,2.0367090821959053
0.7104835754606309,2.034975084764482
0.7095502212072423,2.0330766182223092
0.7075275068873027,2.0289684412679474
0.7063211207771238,2.0265221977761776
0.7045397503719504,2.022915424560939
0.7021728663781387,2.0181330802813884
0.701923960885575,2.0176308183834477
0.7017427604336047,2.0172652558882924
0.7001179983587631,2.0139903410048206
0.6970709610276379,2.007862977145223
0.6968407426460267,2.0074007833849192
0.6964252661223171,2.00656692872126
0.6774891515729989,1.9689278412448727
0.660462070283478,1.9356865510240135
0.6596596525894801,1.9341339448880626
0.657080937421991,1.9291527895990672
0.6555830634290103,1.9262653248760637
0.652694055221013,1.920708359466096
0.651787013595355,1.9189669869014012
0.6509062825891544,1.9172776372166862
0.6483742001763717,1.9124290733032978
0.6425835076141634,1.9013867865924559
0.6220314976366476,1.8627082882507848
0.6219509878640229,1.8625583280667428
0.6200153327749104,1.8589565445900949
0.6116747481439752,1.8435162402961356
0.6107721735641299,1.8418530800760873
0.6053858946150701,1.8319590156197025
0.6008853170206057,1.8237326674646446
0.5975590674819246,1.81767655517487
0.5966153285205283,1.8159619521866148
0.595395843094853,1.8137487628027191
0.5924627042227291,1.808436580295306
0.5836182304194975,1.792512434486316
0.5771177586375354,1.7808980483799215
0.5745428802618008,1.7763183511177658
0.5676616428406689,1.7641370421147133
0.5628928199593036,1.7557442128860197
0.5590740227165689,1.7490521676414916
0.5571697975941234,1.7457247476472297
0.5496522978035521,1.7326504667463274
0.5460101185721473,1.7263513214725312
0.5458347236461727,1.7260485547629438
0.5433247629822084,1.7217216732092226
0.5433157329307854,1.7217061260441733
0.5409241822046076,1.7175934982473509
0.5381706082681436,1.7128704831270298
0.531947295125781,1.7022438544542509
0.52749415043434,1.694680369415842
0.524469628097406,1.6895625142196578
0.5190907920766769,1.6804990318535638
0.512915189803982,1.6701529178375114
0.5023909780537946,1.6526680435185581
0.49958105771805517,1.648030696314195
0.49085261801709534,1.6337085556550142
0.4855296795268953,1.625035528974338
0.4847703089942642,1.6238019932937555
0.4840262220396896,1.6225941928237464
0.47699130665500733,1.6112194371069315
0.47367035014394043,1.6058775224691662
0.4723841028688749,1.6038132947200536
0.4697648211748588,1.5996179527064014
0.46863215702319677,1.5978071485051124
0.4676953250435323,1.5963109726131948
0.46681943769877543,1.59491339618309
0.4663345392805044,1.5941402126728816
0.4650004373728812,1.5920148851910862
0.46377249520782887,1.5900611827484623
0.4597622565789704,1.5836974265900405
0.4578137234896306,1.580614544275347
0.44990632159186933,1.5681652753824402
0.4471442057435381,1.5638397977077465
0.44604205328589425,1.5621171573118946
0.44552386122357046,1.5613078902965365
0.443248680079033,1.5577596699762992
0.4381387502857948,1.5498199304601916
0.4352501389453703,1.5453495627193476
0.43467457158276374,1.544460365868119
0.43410869545803277,1.5435866398551412
0.4288998726755904,1.5355672744570497
0.41731542019544265,1.5178812078233288
0.4126135548426909,1.5107610868051897
0.4121047758696687,1.5099926388326246
0.4086167517384063,1.504734922920919
0.4060837801640529,1.5009282952093765
0.3973042429670462,1.4878085164771466
0.39182762344158595,1.4796826268188625
0.38840270566238655,1.4746235039679156
0.3837513103329767,1.4677803744770581
0.38371905807967904,1.4677330360160252
0.3816668088179117,1.464723970708531
0.37848448498006576,1.4600701536047391
0.3686355298263942,1.4457605710304182
0.3654072121408507,1.4411007223928751
0.36228589179458337,1.4366095981520683
0.36177092457537235,1.4358699817576601
0.3615776081260689,1.435592431299524
0.3613572361573358,1.4352761018254951
0.3457557001983259,1.413057364013138
0.34368259588982314,1.4101309830981563
0.33916780780487227,1.4037788905031456
0.3330356594238185,1.3951970495056503
0.3323039084387884,1.3941764861350285
0.32258060711155095,1.3806861794990728
0.3223988464564482,1.3804352478800344
0.30594934078036307,1.357913513966466
0.30547695061222047,1.3572722004603037
0.3043038302482798,1.355680890384159
0.2876549238782918,1.3332971357267067
0.2797862687251327,1.3228470483346628
0.27948905104230637,1.3224539332234984
0.2758150583550076,1.317604161611538
0.27208244188211017,1.3126952179146587
0.2690567616193574,1.3087294245396586
0.2658108160285028,1.3044882470739105
0.2643183940968971,1.3025428522404983
0.2524350134309715,1.2871558455945329
0.24443069003831913,1.2768941576721076
0.24149603197988354,1.2731524030131574
0.2413355693710887,1.2729481260470221
0.23954143704853909,1.2706663361976864
0.23773472736156057,1.2683726836252327
0.2369635409571411,1.2673949089276197
0.23625695360502358,1.2664997000237235
0.23576170542067357,1.2658726236388445
0.23536562750231513,1.2653713387256624
0.23269706670030443,1.2619991198578862
0.23101652840574669,1.259880063086015
0.2309144787142628,1.2597514992743306
0.22553516400326765,1.2529930935949722
0.2091547313704058,1.2326357111880621
0.20418208506617697,1.2265214643668094
0.20266898099675684,1.2246670130905424
0.18159841246173047,1.199132540488348
0.1698862872818986,1.1851700747469935
0.1673154357546605,1.182127091655151
0.1652016109570794,1.1796309212578209
0.16065922981647526,1.174284739398464
0.1595628069049483,1.172997932276847
0.15851433872220982,1.1717687257709963
0.15501091630977848,1.1676707076907165
0.15443777445833215,1.1670016584877951
0.14030052674397916,1.1506195388461369
0.1322971173683406,1.141447412740833
0.13090213533051265,1.1398562242006849
0.13017298054878584,1.13902539552249
0.1284537238524124,1.1370688009100423
0.12186048141858408,1.1295964910857554
0.11677028967732223,1.1238612375094543
0.10713479704469797,1.11308428483937
0.09703382676295594,1.1018976466210886
0.09499460378985303,1.099652921151841
0.09126384974895593,1.0955580298383967
0.08724355808226013,1.0911624087804506
0.08178802220245694,1.085225741683182
0.08169309916463048,1.0851227336480491
0.08152271359256928,1.0849378601406563
0.08012378574441657,1.0834211714709454
0.07988448633064979,1.083161940437904
0.07645516580904108,1.0794537928147634
0.07448197387060095,1.077325923330721
0.07269974239079058,1.0754075891217283
0.07248669905917884,1.0751785051093783
0.07039355440520997,1.0729303546422222
0.06485459270332325,1.067003862956408
0.06206189094986831,1.0640281964059635
0.05995169817108203,1.0617852591367973
0.05785425663544496,1.0595605605355676
0.05484141353973694,1.056373074924408
0.0499289030607164,1.0511963568756206
0.0464621412510368,1.0475584190665879
0.04238046483497218,1.0432913389173961
0.04061278091972881,1.0414487586282426
0.0324934577722428,1.03302713482307
0.028723831880067226,1.0291403394731535
0.0242440941437526,1.024540371675812
0.022882190681487946,1.0231459963142346
0.0214212837285234,1.0216523665070547
0.019962115077809574,1.020162690510492
0.01717826603656194,1.017326660953238
0.015161403390203838,1.0152769205288823
0.0016873660206578496,1.0016887904237521
-0.0006500479928129473,0.99935016324261
-0.013211804668945767,0.9868750881311831
-0.016945010684193663,0.9831977485199215
-0.01865707962315633,0.9815158863366443
-0.0195709465820813,0.9806193211315174
-0.019763054488673007,0.9804309545005103
-0.020393933356161888,0.9798126163990133
-0.02282618838425541,0.9774323581072268
-0.02552961726315898,0.9747935078223542
-0.026898757604528513,0.9734597919367436
-0.028593061953180406,0.9718118512288053
-0.02875621036427303,0.9716533146022474
-0.02945184554615846,0.9709776334130653
-0.03360758610690147,0.9669508751548621
-0.03948980334321637,0.9612797557803682
-0.040057705709344915,0.9607339977158649
-0.04440262720380621,0.9565687393318335
-0.05380833494783637,0.9476137135292168
-0.05678732285952885,0.9447949842963513
-0.059158362117521304,0.9425574919371746
-0.061492572311468804,0.940359930414159
-0.07387011737934676,0.9287923199880602
-0.07590393458759706,0.9269052458172151
-0.07598728723278754,0.9268279890329587
-0.07831820669272709,0.9246701434963794
-0.07976013879415746,0.9233377927437465
-0.08049180785818534,0.9226624621345331
-0.08221383673256508,0.9210749779725049
-0.08543730042704398,0.918110706398759
-0.08747331897708689,0.916243317633706
-0.09853521416369004,0.9061637822526675
-0.10723687964688357,0.8983128557532029
-0.10935931247546625,0.8964082689515601
-0.1136576125612928,0.8925635061038829
-0.11772964835244965,0.8889363455369433
-0.11983968152876152,0.8870626378441112
-0.12090885288391462,0.8861147227136531
-0.12329550721176963,0.8840023948765721
-0.12379436854243517,0.8835615102448428
-0.12413575843522086,0.8832599227579797
-0.12427863482804598,0.8831337347811451
-0.12710635140910204,0.880640010310679
-0.12715120543518232,0.8806005109465486
-0.13110703497205645,0.8771238864358112
-0.13597790426578957,0.8728619188006062
-0.13665408959467173,0.872271901879847
-0.13857679623834931,0.870596390173923
-0.14198503243895755,0.8676342427572183
-0.1436177570646341,0.8662187907990642
-0.14412373104051732,0.8657806174949912
-0.14509405056336358,0.8649409411024133
-0.14645239003734434,0.8637668552635462
-0.14669366024691705,0.8635584791918349
-0.14838550444559495,0.8620987079895115
-0.14860361121647672,0.8619106989279005
-0.14870421989281896,0.8618239875953856
-0.14909691269466857,0.8614856219602184
-0.14976176789557327,0.8609130491240589
-0.15255161376503384,0.8585145816429468
-0.15558291371645283,0.8559161068013845
-0.1586431607475307,0.8533007958665121
-0.15890386224991546,0.8530783680619348
-0.16056885569651483,0.8516591799669713
-0.16182013110639723,0.8505941862166778
-0.1623463996617531,0.8501466630121275
-0.16589458718456376,0.8471355284240458
-0.16796258528313734,0.8453854639507286
-0.16842185878016835,0.8449972899581975
-0.17257831011559305,0.841492388865248
-0.173709551313334,0.8405409962361055
-0.17553816234618516,0.839005378148815
-0.17730596846638375,0.8375234895382472
-0.17811110322068915,0.8368494416553733
-0.18199893120033536,0.8336022313690445
-0.1849783606634104,0.8311222685920532
-0.18542382299346935,0.830752117380054
-0.18718162113351386,0.829293105553101
-0.1873497868505527,0.8291536586087965
-0.18741385810693056,0.829100535394013
-0.19234283224553989,0.8250239751799433
-0.19348161401766503,0.8240849876678489
-0.20184742594638433,0.8172196049385771
-0.20219053957705735,0.8169392538517595
-0.20253417875787402,0.8166585697455792
-0.20479219806211046,0.8148166192925855
-0.2081020994312444,0.8121241150686364
-0.20836482887213537,0.8119107741806436
-0.21177135697059574,0.8091496828526248
-0.2198342169249155,0.8026518530254518
-0.22256254967747652,0.800464936360701
-0.2231258068505994,0.8000141956968354
-0.2245432246156176,0.7988810446275313
-0.22542989139738534,0.7981730172812267
-0.22543682439855892,0.7981674835659438
-0.2271859124684428,0.7967726385516615
-0.22838920375945493,0.7958144655709893
-0.22876757997075098,0.795513405269232
-0.2307853905441725,0.7939098283101411
-0.23296113437018373,0.7921843616701567
-0.23533920874894743,0.7903027265572954
-0.23603629119342664,0.7897520123696847
-0.23822143347375965,0.7880281759563145
-0.23839151612919657,0.7878941574290252
-0.23896518618823182,0.7874422957633659
-0.2402645961689901,0.7864197498820196
-0.2416146282724425,0.785358774309575
-0.2473000589605334,0.7809063404284776
-0.24777725940310374,0.780533780477176
-0.2504321386088946,0.7784643058920288
-0.25436237880020146,0.7754107587070739
-0.2546691251034547,0.7751729408000844
-0.25901432389973533,0.7718119676072867
-0.2593825717358874,0.7715278018452237
-0.2598610934972162,0.7711586973218871
-0.26024535294344187,0.7708624292334534
-0.26085314380547264,0.7703940484462823
-0.2609000703399184,0.77035789737166
-0.26164770097276546,0.7697821694520608
-0.26329292372072793,0.768516747551783
-0.2635947003047973,0.7682848621834537
-0.2647533950493914,0.7673951700916058
-0.2649429399642279,0.7672497280237824
-0.26548682826987424,0.7668325433304222
-0.2694344778672682,0.763811324429803
-0.2709870148660293,0.7626263991467336
-0.2710047397904767,0.7626128817712247
-0.2723291932887037,0.7616035050559827
-0.2727515909658461,0.7612818734375499
-0.2730521556130426,0.7610530934031605
-0.2759526138768826,0.7588488888161512
-0.27925633256863974,0.7563460022510056
-0.2799808210467078,0.7557982367358036
-0.280769102815175,0.755202689525488
-0.283860060966978,0.7528719935135808
-0.28699721861242644,0.7505138163039674
-0.2870637562534379,0.7504638805464062
-0.2888553355143221,0.7491205687061022
-0.2916189170884242,0.7470531709326339
-0.29325339482007884,0.7458331264997253
-0.29441795774401114,0.7449650624488741
-0.29664114602368896,0.7433107045092568
-0.29757240921065137,0.7426188088321628
-0.3003726997408927,0.7405421693681431
-0.3012080861540887,0.7399237888307664
-0.30158089343860134,0.7396479912651711
-0.3016114935337008,0.7396253583125852
-0.3034625369125992,0.7382575460207101
-0.30527243776967644,0.7369225814965583
-0.3070897652860883,0.7355845679843783
-0.308098724398752,0.7348427675174753
-0.30848796445135374,0.7345567929399833
-0.30865896847192803,0.7344311915145308
-0.3093920596838605,0.7338929837640522
-0.3097633835912449,0.7336205223425695
-0.3118051954059251,0.7321241354826127
-0.3136224798803124,0.7307948658542334
-0.31560400487181683,0.7293482113282791
-0.3157184424051672,0.7292647512935925
-0.3160406623622212,0.7290298054908957
-0.3186952549275341,0.7270970948040201
-0.31964546114882875,0.7264065307621352
-0.31969797621193824,0.726368384478965
-0.32068567658565167,0.7256513043426166
-0.32577450793485446,0.7219679671261375
-0.3281097223715425,0.720283984102474
-0.32856751688939073,0.7199543175087951
-0.3306826867622209,0.7184331012091829
-0.331251192915238,0.7180247836471348
-0.33170464856590265,0.7176992650613717
-0.33301767985636993,0.7167575218736384
-0.33454160611093353,0.7156660681266378
-0.33498058457942936,0.715351975077184
-0.33577704137460274,0.7147824549648807
-0.3366938731005095,0.7141274200573239
-0.33897749772936336,0.7124984817424699
-0.3417833738077594,0.710502101404354
-0.34225646254932096,0.7101660503565752
-0.34403718434534863,0.7089025674815258
-0.34504324436439326,0.708189727590967
-0.34987164823595857,0.7047785434829538
-0.3531627694142668,0.702462844605492
-0.3541009822559134,0.7018040940163564
-0.3545399755433013,0.7014960743442528
-0.35565860475425304,0.7007117990825142
-0.3682274844565434,0.6919597536946793
-0.3692690860310899,0.6912393825606915
-0.3697747354500753,0.6908899461221313
-0.3699488386471849,0.6907696704441544
-0.3712245560927437,0.6898890053840332
-0.3723367775437068,0.6891221225842667
-0.37652157656804414,0.6862443107299626
-0.3787975534918672,0.684684210564077
-0.3841055466246542,0.6810595398502617
-0.38459429077117796,0.6807267573161078
-0.38516914100690963,0.6803355538316763
-0.38589263109205824,0.6798435158176799
-0.3867325991082064,0.6792727087717992
-0.38848643219686263,0.6780824219062822
-0.3890562212749944,0.6776961680002855
-0.39365212266853095,0.6745886895394312
-0.3976806365710589,0.6718765662063125
-0.3977258984109731,0.6718461565249351
-0.39819315982495357,0.6715323020716081
-0.3984975927279145,0.6713278966589017
-0.4009755783796857,0.6696664151771652
-0.4012429945336535,0.6694873595022341
-0.40252208686201435,0.6686315707898266
-0.4026258544709529,0.6685621920901581
-0.40440294775765434,0.6673751497617246
-0.40545683602239485,0.6666721814133222
-0.4063996387530815,0.6660439372618997
-0.40853481901461364,0.6646233305591519
-0.40976083959330467,0.6638089879811926
-0.4124526715911033,0.6620245285169707
-0.4140945707422746,0.6609384428710863
-0.4146867976627442,0.6605471332159378
-0.415218339593805,0.6601961180151049
-0.4154320784513503,0.6600550235303088
-0.4189320453348493,0.6577488908547942
-0.42013810888683384,0.6569560820761627
-0.4209562717882795,0.6564188048020663
-0.42259100116790577,0.655346614305941
-0.4231443720699117,0.654984064880259
-0.4235292400121713,0.6547320310139844
-0.42399333235940956,0.654428245386644
-0.4260571660015995,0.6530790071379733
-0.42784932477934995,0.6519096340268951
-0.4297206910525995,0.6506908131104425
-0.43023044244030584,0.6503592070909865
-0.43482344115877897,0.6473789574668096
-0.43534593160809754,0.6470407964950755
-0.43589313636310933,0.6466868295495771
-0.4372262906372773,0.6458252706617759
-0.4435666180965587,0.6417434805810703
-0.44368062668567604,0.6416703204827932
-0.4453832384003489,0.6405787346153227
-0.4499625895900971,0.6376520059984893
-0.45144227250426466,0.6367091809331221
-0.4526537854194331,0.6359382666178334
-0.45791939942283666,0.6325984619537416
-0.45804204459294234,0.632520881565294
-0.45837757827500863,0.6323086851064389
-0.4608507429895569,0.6307468137563914
-0.4614162514385736,0.6303902219413672
-0.4614996375622738,0.630337658335909
-0.4619827954394116,0.6300331792926748
-0.46402172436478883,0.628749895126646
-0.46425550571207247,0.6286029223094799
-0.4670432726063202,0.6268529642639284
-0.4717211301027246,0.6239274832522419
-0.4722046900219484,0.623625849863625
-0.47387892686943334,0.6225826260323142
-0.4740808982814893,0.6224568948376937
-0.4775123065485279,0.620324651493777
-0.4778162383157146,0.6201361437744123
-0.478096611021795,0.6199622988974621
-0.47934851325921884,0.6191866523264961
-0.4795191326139227,0.6190810161114825
-0.4797608555690135,0.6189313881038181
-0.48134116938945526,0.617954054727412
-0.4839682782088061,0.6163327527810833
-0.48455478314252665,0.6159713765655894
-0.48781987514633,0.6139634531605636
-0.48870748631766747,0.6134187341258588
-0.48898504856983843,0.6132484958674411
-0.49068731569537266,0.6122054711183789
-0.4923064000674763,0.6112150608028647
-0.493093147820238,0.6107343778402383
-0.4944255950823947,0.6099211484035667
-0.496270423909199,0.6087969855497642
-0.49714493358012796,0.6082648194243955
-0.4988501144060794,0.6072285017228526
-0.5013433478782618,0.6057164250604501
-0.5030367489701868,0.6046915721932443
-0.50348264137199,0.6044220049192349
-0.5054210364200626,0.603251531084788
-0.5066259065400518,0.6025251290380841
-0.5088725778088299,0.6011729726361812
-0.5106195872479647,0.6001236346470042
-0.5114003849889046,0.5996552423524061
-0.5117001229373056,0.5994755298549886
-0.5117888712726056,0.5994223297604058
-0.5171432144111412,0.5962213940234142
-0.5182347733969799,0.5955709382732132
-0.5235080049217623,0.592438620802235
-0.5253107386539531,0.5913715738060477
-0.5258687474350457,0.5910416753266596
-0.527646176711349,0.5899920736221477
-0.5279521103453727,0.5898116028104724
-0.5280143840843526,0.5897748741802982
-0.5293245941613188,0.5890026511946441
-0.533540588049153,0.5865246469132027
-0.5336863660224977,0.5864391507707376
-0.5359784719188858,0.5850965094612393
-0.5404607997672645,0.5824797839747604
-0.5418532179692529,0.58166929292346
-0.5444026324569466,0.5801882654796086
-0.5472221419436983,0.5785547231372243
-0.5518629014634279,0.5758760102368771
-0.5530258338057014,0.5752066946592319
-0.5539287852381779,0.5746875453688898
-0.5542322275291242,0.5745131873186857
-0.5546473591932202,0.574274738200503
-0.5553774640531617,0.5738556104454248
-0.5565985327497437,0.5731553209609475
-0.5578015649719504,0.5724662112352161
-0.5591889263134394,0.5716725444230686
-0.5609632269335079,0.5706591247944262
-0.5652452733491911,0.5682207602553944
-0.5665441230715844,0.5674832059684575
-0.5694234559630811,0.5658515830281949
-0.5734200091225891,0.5635946400965057
-0.5741461634260644,0.5631855319789709
-0.5772636464376657,0.5614325445246807
-0.5783949511964182,0.560797752354746
-0.5785597844643557,0.560705321846594
-0.5795814905748132,0.5601327383489357
-0.579685890710132,0.5600742634677015
-0.588814768909774,0.554984680172333
-0.5890024104090803,0.5548805517845624
-0.589343000619734,0.5546915970804304
-0.5930931605572937,0.5526153105120674
-0.5938478656029123,0.5521984062885867
-0.5964620984231676,0.5507567163691943
-0.5974252248578102,0.5502265233790288
-0.5976824035620231,0.5500850350293977
-0.5982446339691802,0.549775847421664
-0.5993922689509913,0.5491452673341013
-0.5999091917313428,0.5488614749913768
-0.6006857719588001,0.5484354054822763
-0.6010449749786747,0.5482384412056203
-0.6033234984966802,0.5469906890799664
-0.6072001993469532,0.5448742748136098
-0.6077681052860122,0.5445649253259226
-0.6084980641138625,0.5441675603990057
-0.6144988541923754,0.5409119031289756
-0.6170457119847915,0.539536030253473
-0.6183391163305402,0.5388386431062598
-0.6212859442274329,0.5372531156464715
-0.6214913029420726,0.5371427973650041
-0.6227526853811007,0.5364656820136432
-0.6231056293738726,0.5362763730835381
-0.6240084359742274,0.5357924377171952
-0.6250170115340247,0.5352523229784367
-0.6264431760254567,0.5344895091997042
-0.6278694821554693,0.5337277069470643
-0.6282561458256986,0.533521373726344
-0.63237216751906,0.5313299013460694
-0.6337223595315865,0.5306129880514696
-0.6351875388646253,0.5298361141363166
-0.6353430902967756,0.5297537037796484
-0.6365661988492897,0.5291061535866467
-0.6400406818723309,0.527270973236305
-0.6449440240873162,0.5246919113932169
-0.6451785421943307,0.524568876066961
-0.6454918127989098,0.5244045697955183
-0.6505666954178531,0.521750019621439
-0.652212814486475,0.520891863472466
-0.6523215555194303,0.5208352242327345
-0.6529749421563947,0.5204950286089006
-0.6536782114691226,0.5201291091129103
-0.656493724438565,0.5186667384881798
-0.6565955173315315,0.5186139445874511
-0.6579408527008963,0.5179167040211121
-0.6583552911756249,0.5177021038846095
-0.6596088816208974,0.5170535240853382
-0.6655734755027822,0.5139786889862349
-0.6690446622384304,0.5121976658987942
-0.6691400945449327,0.5121487880264535
-0.6693509301673369,0.5120408202000983
-0.6696383292895246,0.511893681262662
-0.6742235549226561,0.509551906120449
-0.6744380078949483,0.5094426429159725
-0.6796113305448972,0.5068139371866971
-0.6800645508179891,0.5065842908797904
-0.680692258661711,0.5062664037274661
-0.6838679082745355,0.5046612291035513
-0.6850127798793242,0.5040837874036882
-0.6869367364478853,0.5031148844522815
-0.6871683043510544,0.5029983926818339
-0.6880253950820764,0.5025674621214221
-0.6895985370404838,0.5017774737047114
-0.6903695809931747,0.5013907303352432
-0.6937710960012374,0.49968813957673724
-0.6945068958564906,0.49932060434873077
-0.6945189195125027,0.49931460072563716
-0.6991572817234273,0.4970039616833439
-0.7001563723457042,0.49650765765362603
-0.7003615486090009,0.49640579651783134
-0.7010144299565367,0.49608180820694714
-0.7021317834347932,0.49552781903155035
-0.7024822723813522,0.4953541724406503
-0.7076974550986685,0.49277753458018175
-0.7082737044005917,0.49249365367082
-0.7090310573422971,0.49212080336090236
-0.7132692650221835,0.4900395067916416
-0.7142977936088076,0.48953574626079405
-0.7144647936529295,0.48945400059552413
-0.7152814504997252,0.48905444780571306
-0.7178425483992016,0.48780353402678583
-0.7198232988651856,0.48683827323542456
-0.7213802049116537,0.4860809015154637
-0.7223862517794377,0.4855921272531375
-0.7248225032372725,0.48441054262826005
-0.7279724363280575,0.4828870824889202
-0.7279830411404227,0.48288196158917
-0.7294876879379053,0.48215594113125476
-0.7296155091659267,0.4820943153053898
-0.7298742846293664,0.4819695772657931
-0.7315478249536769,0.4811636563018613
-0.7329895924476124,0.48047043003857204
-0.7392451729135985,0.4774741899831241
-0.739413199796371,0.47739396822327174
-0.7400400877943015,0.477094789459894
-0.740988678596699,0.47664243631367736
-0.743134237051929,0.47562086841303874
-0.7481222251942932,0.4732543840655796
-0.7500430486112607,0.47234621845459773
-0.7522153968504093,0.47132123169584395
-0.752919414363982,0.47098953006978883
-0.753478638752045,0.47072621487105415
-0.7540440764760621,0.4704601237475515
-0.7556891400642768,0.4696868231669757
-0.7574997635669265,0.46883716660226044
-0.7612925590433002,0.46706233103939027
-0.7631637539385246,0.46618918355911937
-0.7683009969984219,0.4638003975520376
-0.771844114106276,0.4621600061942617
-0.7729880774461717,0.46163161437806627
-0.7745292037491034,0.460920729677139
-0.7753560227893099,0.46053978914795923
-0.7754386777684091,0.46050172481443785
-0.7770905429336277,0.45974166598687266
-0.7770939639131587,0.45974009322273396
-0.7791640954665742,0.45878935516533714
-0.7799667408770989,0.45842125774063225
-0.7803268912139315,0.45825618689718994
-0.7810114984972719,0.45794256873889105
-0.7842154328446915,0.456477698740512
-0.7852472863377903,0.4560069235598226
-0.7855936020247034,0.45584902855119014
-0.786405288659555,0.4554791721112758
-0.7884369896734574,0.4545547140446803
-0.7897985738746868,0.4539362206883867
-0.7899979307869216,0.4538457343849134
-0.7997507863322595,0.44944095699088904
-0.803907079219767,0.447576825360049
-0.8061763265602775,0.44656231436296817
-0.8082810782952206,0.44562339999448985
-0.8108662081388284,0.44447289338936047
-0.8142337127760989,0.44297864621395117
-0.8144905815118715,0.442864873462081
-0.8163028177394237,0.4420630244838191
-0.8188288440637256,0.44094777082004727
-0.8241180859236178,0.4386216485472273
-0.8246071382592918,0.43840719205002787
-0.8256560514305318,0.43794758205954587
-0.8297121443178604,0.4361748236537465
-0.8315483481887171,0.43537465261758457
-0.8329876560493737,0.4347484652040759
-0.8342170115748843,0.4342143331625285
-0.8356244954492088,0.4336036133805443
-0.8376614752969147,0.43272127052059906
-0.8379343448924028,0.4326032101508282
-0.8425359214402748,0.4306171264271339
-0.846275310239797,0.42900988848430804
-0.8462986429093949,0.42899987865510425
-0.8500193577773111,0.42740665822573526
-0.8554691235956815,0.42508372749268697
-0.8568744542584049,0.4244867638601134
-0.8573206644003151,0.424297395813086
-0.86058278006736,0.4229155437367746
-0.8610453328769894,0.42271996819927743
-0.8623180044944018,0.42218232668675126
-0.8641634453576259,0.42140393263036374
-0.8662390297548608,0.42053018028990596
-0.880831313869622,0.4144382401791682
-0.8850247587489596,0.4127039551189363
-0.8919201142984798,0.4098680032962553
-0.8922355652322228,0.4097387304425973
-0.8952798023021131,0.40849328528740336
-0.90002843064926,0.40655810086551725
-0.9003723050244322,0.4064183199875193
-0.9070731584422694,0.40370407443586953
-0.9094329920186123,0.4027525231989729
-0.910391215469127,0.4023667811295535
-0.9120454611245526,0.4017017178706494
-0.9167263415775283,0.3998257940643034
-0.917371743393255,0.39956782902534665
-0.9196226870102171,0.3986694358665594
-0.9199665106673123,0.39853238744474256
-0.9211284540739129,0.3980695842924397
-0.9250817995413606,0.3964989843133699
-0.9253250088062357,0.39640256381252614
-0.9282242873142971,0.39525494681326273
-0.9310869981404922,0.39412506423308674
-0.9346827619722187,0.3927104284542377
-0.936132188396273,0.39214163589329665
-0.9376191226997171,0.391558980335699
-0.9401763673016273,0.39055894745622366
-0.9417034295199143,0.38996299478776075
-0.9461842493754113,0.38821954980628787
-0.9487017607148499,0.38724343189695326
-0.9496723662380653,0.38686775363031856
-0.9516479598085748,0.38610421465329514
-0.9519080778309976,0.38600379504957094
-0.9547759888045271,0.3848983564373655
-0.9568808362443197,0.3840890561428568
-0.9581158019449248,0.3836150121068538
-0.9603598227688813,0.38275513718075804
-0.9609256248086664,0.3825386347979236
-0.9619858946672691,0.3821332555573677
-0.966949440676675,0.3802412190512831
-0.9676949679132888,0.3799578445108414
-0.9694895897231106,0.37927657536934434
-0.9706506588353182,0.3788364646016504
-0.974006328942274,0.3775673449662853
-0.9835329173373258,0.3739874952311789
-0.9865270213113515,0.3728694124487914
-0.9874175215811407,0.3725375199335291
-0.988965162516755,0.37196141153708745
-0.9894765906140827,0.37177122865668544
-0.9909629383498324,0.3712190577933669
-0.9912472714121828,0.37111352294609584
-0.9946585432873863,0.36984971065198746
-0.9955424823301701,0.3695229305009243
-0.9956993184274108,0.3694649805111075
-0.9957340027677177,0.36945216608422315
-0.9974998636629355,0.3688003406373954
-1.0075379664116093,0.3651168037158361
-1.0086336066080337,0.3647169861373961
-1.0123387793458651,0.3633681470872797
-1.0148529216686795,0.3624557352970799
-1.0160993111884,0.3620042556854185
-1.016567673727943,0.36183474615195677
-1.0202669261871946,0.360498700785554
-1.0256411838262178,0.35856648465327773
-1.0294825271115966,0.3571917497997981
-1.0308559596670757,0.3567015077563285
-1.033338799725512,0.35581697349690483
-1.0450286106502689,0.35168175739036095
-1.0469735678891574,0.3509984161606904
-1.0480941649575741,0.3506053086632131
-1.0514328782264455,0.34943668999392097
-1.055334147204954,0.3480760992162625
-1.0605419635487725,0.3462680947816852
-1.0644096205177698,0.3449314351085431
-1.0687341202767313,0.3434429998890704
-1.0703839042935148,0.3428768602496507
-1.072180625759881,0.34226135914212663
-1.076536596958351,0.34077372092622876
-1.0804973767186117,0.33942666073495725
-1.0810166287975167,0.3392504584863858
-1.0844647051984249,0.3380827113840622
-1.08523768380798,0.3378214816554051
-1.0954968269248948,0.3343734399459703
-1.0975643910245694,0.3336828156267024
-1.099793258445357,0.33293990909770893
-1.1025433076921498,0.3320255657723015
-1.1045727078546124,0.3313524362907428
-1.1060560213193438,0.33086130110418915
-1.1070112809405137,0.3305453935739131
-1.1076938790976028,0.3303198408871073
-1.115442188683172,0.3277703105282687
-1.1214773718486568,0.3257981139380307
-1.1277939553102103,0.32374666884272324
-1.1279521177236336,0.32369546833734586
-1.1285987403099047,0.3234862271937607
-1.131343176228881,0.322599657096431
-1.1314228503407922,0.3225739552791474
-1.1355705716795483,0.3212387792846422
-1.138435560958521,0.3203197507580672
-1.1391855622092024,0.32007960061209273
-1.1510967794637605,0.31628967904849375
-1.1528687219142444,0.3157297281863994
-1.1533506501574038,0.3155776057721695
-1.154140317312809,0.31532850286904474
-1.1572677520635941,0.3143438740350171
-1.1623116202540311,0.31276235680303766
-1.1688707932483053,0.3107176076612342
-1.172848957763507,0.30948397731934446
-1.1732027607881994,0.30937450031986385
-1.173237918891853,0.3093636234903193
-1.178243890194943,0.3078188278961281
-1.1791671503089884,0.30753476220341963
-1.1795018661855377,0.30743184266128265
-1.1798947993160627,0.30731106623500626
-1.181172047765955,0.3069188042133792
-1.181566216611916,0.30679785022223227
-1.1827270055807326,0.30644192927655634
-1.1910330876300124,0.3039071391292416
-1.1912503861208805,0.3038411077410651
-1.1966222719535438,0.30221328415476906
-1.1987698031278875,0.30156496809438466
-1.2003435834761778,0.30109074433376165
-1.2059027515588028,0.2994215741753382
-1.2080619050794894,0.2987757744705313
-1.2090497909274043,0.2984807638536309
-1.2093180388708105,0.2984007077405048
-1.2111862322326659,0.29784375792609047
-1.212131133314679,0.2975624579582069
-1.2121919073826166,0.2975443744266817
-1.214944068976357,0.2967266100529744
-1.2229391842313497,0.2943637050420887
-1.223998940358466,0.2940519165411372
-1.2250543343200033,0.2937417396322506
-1.2298149983344555,0.2923466572968119
-1.2307695990241327,0.29206771613602617
-1.231638667331899,0.29181399960467785
-1.2350159740597866,0.29083011659307556
-1.2353070488043187,0.2907454756102098
-1.236587895298082,0.29037331367922886
-1.2379600489788645,0.28997515010134445
-1.2437660953604168,0.2882964190414136
-1.2445143345957612,0.28808078503225104
-1.248451195926678,0.286948880467071
-1.2493547398109204,0.2866897266570857
-1.2506169643482727,0.28632808813201616
-1.251994418398966,0.2859339558590576
-1.2539492806334067,0.2853755403577233
-1.2567979155721025,0.2845637663955897
-1.2569603657989843,0.28451754270180285
-1.2590137289823988,0.28393392424996367
-1.2592769156964962,0.2838592064462174
-1.2632538195501655,0.28273256742661906
-1.2685785386991582,0.2812310969127491
-1.274863767061082,0.27946903851658805
-1.2766375600394075,0.27897375769109345
-1.2767976284816873,0.2789291063699919
-1.2813580104496232,0.2776599791549144
-1.2857056448050366,0.2764554354455727
-1.2887143771045464,0.2756249050958462
-1.289808976645041,0.2753233712608849
-1.2911020325303841,0.27496759282557487
-1.291117484878339,0.27496334396348177
-1.2946269170084765,0.2740000700304607
-1.2973817437130561,0.27324628606928686
-1.3018059814329972,0.27204004984907715
-1.3037300944027865,0.2715171173128319
-1.3129040399263499,0.2690376248241444
-1.3194140680920436,0.2672918709279097
-1.3228402522001297,0.2663776468119042
-1.3304384094299375,0.264361337387391
-1.3329262466762188,0.2637044668380704
-1.3338557882529587,0.2634594564634791
-1.3344661575178371,0.26329869797472344
-1.334549558747692,0.2632767394551896
-1.336653240592199,0.26272347111264016
-1.3371678257940594,0.2625883122805741
-1.3497123503694048,0.2593148417371991
-1.3514500417545425,0.25886462385383147
-1.3518584879800883,0.2587589131653265
-1.353489333790778,0.25833726119394196
-1.3570050116741297,0.2574306252521154
-1.3575894531631278,0.25728021607114343
-1.3585448556368964,0.2570345273007755
-1.3585674186594368,0.2570287278903687
-1.362439885755905,0.25603531731508106
-1.3673775721897108,0.25477421123760907
-1.3692900661657892,0.254287422731774
-1.37004707483269,0.25409499779174516
-1.3715371153961409,0.25371666787152725
-1.371601257538099,0.2537003944629107
-1.3719696693638719,0.2536069454523046
-1.3831411470271462,0.25078954767542455
-1.383767336748296,0.250632554997229
-1.3890441297266838,0.24931350213600306
-1.39576579830337,0.2476433189003884
-1.3991043714191678,0.24681792216393844
-1.4007957779533424,0.2464008055739444
-1.4063408872379846,0.24503826738210427
-1.4072811139604005,0.2448079841312949
-1.4120366520236851,0.243646554245402
-1.4183715961657803,0.24210794557937623
-1.428631043555992,0.23963675007478275
-1.4314519125767762,0.2389617187253851
-1.4362550504648532,0.23781670467186802
-1.4366454208055197,0.2377238862018167
-1.4449771973096286,0.23575145226194355
-1.4560830115481334,0.23314772544158607
-1.4607822037689775,0.23205468966789025
-1.463011827550041,0.23153787138257068
-1.4696360308956922,0.23000918619099056
-1.4709375235385205,0.229710025647232
-1.4745802892966773,0.22887476807897092
-1.4771719364147624,0.2282823734164115
-1.479206256089903,0.22781844614087013
-1.480295372737796,0.22757046034572284
-1.4832886714105065,0.22689029246947187
-1.4925149919157115,0.22480655729737536
-1.5011866423495128,0.2228655414858511
-1.5058138665925498,0.22183667488336523
-1.5060335835305678,0.22178793896266946
-1.5078957811166485,0.22137531031538893
-1.5104290061142713,0.22081522655404942
-1.5142028737778026,0.21998346956849962
-1.5151859956142655,0.21976730529122732
-1.5166859092484117,0.2194379203998787
-1.5186983975098804,0.21899674823675222
-1.5200682751847627,0.2186969548674745
-1.5207813341787064,0.21854106662222098
-1.5288447251606097,0.2167859700806919
-1.5292187502223447,0.21670490185656802
-1.530783483880613,0.21636608155361778
-1.5312342454563477,0.21626857401573785
-1.5330188542624144,0.2158829633984675
-1.5361591139952295,0.2152060981440849
-1.5393687813895125,0.21451646548559747
-1.5400944706632136,0.21436084965875973
-1.5406532034886642,0.21424111266917215
-1.5420411835339671,0.21394395655099066
-1.5494394917990577,0.21236697390385037
-1.550691114128636,0.21210133693050906
-1.5588974588494326,0.21036788263382175
-1.559252017274432,0.21029330814997166
-1.5594068805486887,0.2102607439612808
-1.5599669349581116,0.2101430194736331
-1.56602511797386,0.20887378311716145
-1.5832334791404088,0.20531015763647395
-1.5841029435143479,0.20513172535029997
-1.5842921813729465,0.2050929103346151
-1.5865946178693129,0.20462124013642266
-1.594215205179657,0.2030678325670423
-1.5951140706192082,0.2028853839211386
-1.6186665839892873,0.1981627563874659
-1.6262784730110382,0.19666008979873048
-1.6265640285535796,0.196603940437354
-1.6271863381351692,0.1964816299828727
-1.6310669184442725,0.19572064472562972
-1.6318044797850109,0.19557634196710544
-1.6329883113954526,0.19534494950311074
-1.6361363005495737,0.19473097262407474
-1.6404496255114693,0.19389284352002703
-1.6507703608276643,0.19190201786613215
-1.6573221783051026,0.1906488207139478
-1.6614971118272053,0.1898545337627153
-1.6754399430982154,0.18722579266523917
-1.68377140531028,0.18567240801672252
-1.6865231369101397,0.1851621896982446
-1.687274196650424,0.185023174043205
-1.6898268029267784,0.18455148500219382
-1.6935279030679435,0.18386970392328467
-1.696572680208168,0.1833107130851135
-1.6987215081486766,0.18291723281514738
-1.7065125785065254,0.1814976490041097
-1.7090338567536134,0.18104061932138218
-1.7157174666307404,0.17983464905659663
-1.7163032166953245,0.17972934174419072
-1.7234186132143086,0.1784550351861952
-1.7257862700583708,0.17803301469777494
-1.7326782903337263,0.17681022613278155
-1.7358970893965089,0.17624202449664086
-1.7433428669910906,0.1749346388707931
-1.7434396990455738,0.17491770041041718
-1.7508402081968917,0.17362799847941818
-1.7556197428387301,0.17280011746489238
-1.757088445782732,0.1725465117049984
-1.7586537031200848,0.17227664327338768
-1.7626341685171563,0.1715922650316823
-1.7674159296803273,0.17077371042886144
-1.774475352043386,0.16957239197463364
-1.7757717705530411,0.16935269762563154
-1.7762154217996393,0.16927758075429405
-1.7896528073526785,0.16701814707442703
-1.7898637772159702,0.16698291499535564
-1.7924539198907894,0.16655096506871983
-1.7966836175596859,0.16584799256862326
-1.8054735714986334,0.16439658460269593
-1.8094796184584443,0.16373932155706
-1.8131251869656613,0.16314348538368992
-1.8185602596058517,0.16225919396074584
-1.822998076383032,0.16154071281054627
-1.8278520380625172,0.16075850033139144
-1.8290122449392063,0.16057209536889006
-1.831723502253153,0.16013733274390407
-1.8361356668981932,0.15943233688860495
-1.8388398094686047,0.15900179150972754
-1.8448951774422937,0.15804188637616898
-1.8553236379779152,0.15640231675362581
-1.8575265020328697,0.15605816291317026
-1.8582697205143919,0.1559422206928382
-1.861099419149351,0.1555015749451745
-1.8730362755592895,0.1536564096198295
-1.8891345607848373,0.15120260889562978
-1.8919111997779539,0.1507833561620135
-1.8924931038411847,0.15069564023799667
-1.8926407038997917,0.1506733991940958
-1.89568979464062,0.15021468201826005
-1.9073346031301224,0.1484756060687767
-1.9167111328831845,0.14708992671502938
-1.9285202755799364,0.14536313680296936
-1.9343360528540747,0.14452019074464886
-1.9440266135202247,0.14312647292891062
-1.9500184645636638,0.14227144458211438
-1.9511156429800691,0.1421154330257548
-1.9715123587454788,0.1392461068234492
-1.9860567386953947,0.13723551538524462
-1.9905193542300466,0.13662445053024727
-1.9942737003743252,0.13611247671600327
-2.0128746276628653,0.13360406019464943
-2.0253399967059686,0.13194897334416997
-2.028511560415621,0.13153115169301122
-2.040127420371622,0.13001214362728933
-2.040207067248449,0.130001788978463
-2.044904735942528,0.12939251584632164
-2.0485561540514494,0.12892091120764665
-2.05800877847172,0.12770801182648286
-2.067641700298015,0.12648371676843168
-2.071748856811722,0.12596529369833454
-2.0816586189634485,0.1247231723271149
-2.0904756871180923,0.12362831343190744
-2.092276586363506,0.12340587165327106
-2.0948686337163585,0.12308641199646769
-2.0949419485340908,0.12307738826939735
-2.0977071586467795,0.122737523545958
-2.1049788831743905,0.12184824729010209
-2.1182296646800243,0.12024431294876284
-2.136302019609926,0.11809073378508257
-2.1471572898997446,0.11681575956589552
-2.1509676647342024,0.11637149468076835
-2.152170680973914,0.1162315820582804
-2.1572345437102927,0.11564448901495157
-2.17434561959527,0.1136825209499348
-2.1749697853098864,0.1136115863577798
-2.19790664492775,0.11103535166263259
-2.2445482298525494,0.10597540608541477
-2.2535325326303934,0.10502755521542685
-2.2570777059234297,0.10465587355886777
-2.2671026836941026,0.10361194219017854
-2.274303365840353,0.10286854522262799
-2.2835474724330447,0.10192199915240273
-2.296657823348688,0.10059448706662305
-2.307679945294848,0.09949181044456056
-2.3573449287524313,0.09467124871395202
-2.363229459388722,0.09411578876392294
-2.3727959450779883,0.09321972434509718
-2.393476040605417,0.09131172830906936
-2.4019148152846315,0.09054441136924862
-2.4433227650259792,0.08687171706196703
-2.456638413385029,0.08572263121507359
-2.458618278499238,0.08555307986781631
-2.4633514331921957,0.08514910070845678
-2.475905854389036,0.08408678536367105
-2.508981712911823,0.08135103578776252
-2.524704723704087,0.0800819555991865
-2.534348820538447,0.07931334967691171
-2.5369497203798295,0.07910733163060667
-2.5403649159798127,0.07883762543155207
-2.5511644198052728,0.07799079907672295
-2.5561297580021014,0.07760450820911914
-2.559964089720939,0.07730751652794648
-2.5603818130073956,0.07727523012193593
-2.5749479563223714,0.07615778622674904
-2.5762695528434825,0.0760572028413824
-2.584305351858504,0.07544847154257439
-2.597847579533125,0.07443361835928454
-2.5989109768862195,0.07435450791691246
-2.60261670092085,0.07407948053236806
-2.613696200700106,0.07326324702338666
-2.621687116595638,0.07268013946277166
-2.623866530267535,0.07252191185748395
-2.6348055107315886,0.0717329193349938
-2.636705935968672,0.07159672573862366
-2.6594718970802407,0.06998517136053195
-2.6657367531703704,0.06954809487370625
-2.67745625982377,0.06873778301517092
-2.7061942713193643,0.0667905102057647
-2.7074375993593733,0.06670751929477377
-2.7280381360870716,0.06534736663266193
-2.735244304430356,0.06487815514686075
-2.744568805649658,0.06427601042254528
-2.751395592897786,0.06383870616417937
-2.779004333191824,0.062100307821202565
-2.7875875530825796,0.06156956820965341
-2.8034470871094155,0.060600805912484464
-2.858422364163161,0.05735918082059333
-2.9348470001740243,0.05313884891910543
-2.95082283166746,0.05229665689440381
-2.9533531573777294,0.052164496593719654
-2.978525520301627,0.05086778210850826
-3.0184885360156635,0.04887503541781646
-3.050651654871023,0.04732807277077115
-3.059499505075998,0.04691116814699466
-3.0613138345978426,0.04682613299394215
-3.0792318751190253,0.045994572659404154
-3.1204258998669645,0.044138365891818666
-3.120769343303509,0.04412320946259038
-3.1693951662862725,0.04202901078006296
-3.1749799835132517,0.041794940664423144
-3.1868495865735165,0.04130178388636439
-3.1893978567510843,0.04119666976867355
-3.1989224794206006,0.040806149764006844
-3.211275867658967,0.04030515640738693
-3.2331130332626272,0.03943454645552907
-3.236289982630548,0.039309463694097956
-3.3023270431564313,0.036797438465104616
-3.3075756487350905,0.036604809184066014
-3.362212386527567,0.03465849607170138
-3.365514849749435,0.034544226452561146
-3.366141672236332,0.03452258013953484
-3.4180289164288853,0.032776977470564496
-3.4248787508949454,0.03255322779956231
-3.457772600967945,0.03149984666412525
-3.476333301510566,0.03092057987146002
-3.5441253969144757,0.028893882140472248
-3.616396187047744,0.02687937037776554
-3.625732921143671,0.02662957280530275
-3.654906002680894,0.025863928508850265
-3.6581454160348996,0.025780280112466906
-3.782201729082143,0.022772497318838115
-3.8258067998162764,0.021800839520448416
-3.9191843142977367,0.019857285444033937
-3.9648285856202583,0.01897128828534457
-4.019506693650378,0.017961823435898677
-4.067868326817154,0.017113830746271274
-4.127202610445648,0.01612793188591521
-4.140107083761799,0.015921146516963896
-4.144660420777259,0.015848816966575783
-4.231857214290574,0.014525388722577326
-4.274791793088363,0.013914945605201337
-4.370810757388663,0.012640987638119995
-4.707891067810243,0.009023788086627961
-4.713854739681864,0.00897013332416004
-4.823531136030368,0.008038352449308069
-5.195221278276947,0.005542989636082563
-6.294503354693937,0.001846426084196831
-6.311381756531595,0.0018155228946492407
-6.916938960316511,0.0009908583598709415
-7.1858009485136325,0.0007572622369130313
-7.447924173195673,0.0005826498378772687
